"status","cell_id","record_count","richness"
"new",30,3,3
"new",86,1,1
"new",138,1,1
"new",141,1,1
"new",197,1,1
"new",257,1,1
"new",307,6,4
"new",368,2,2
"new",373,1,1
"new",419,1,1
"new",424,1,1
"new",432,2,2
"new",433,2,1
"new",475,1,1
"new",476,1,1
"new",479,2,1
"new",480,7,4
"new",486,1,1
"new",488,14,2
"new",489,11,3
"new",490,4,1
"new",540,9,2
"new",541,4,1
"new",542,11,3
"new",543,8,2
"new",544,3,2
"new",546,5,3
"new",595,1,1
"new",596,6,4
"new",597,7,3
"new",598,1,1
"new",599,6,4
"new",647,2,1
"new",703,2,1
"new",712,3,2
"new",713,1,1
"new",716,12,6
"new",717,5,4
"new",753,1,1
"new",759,2,1
"new",760,1,1
"new",767,1,1
"new",773,7,3
"new",774,3,2
"new",815,11,3
"new",825,1,1
"new",827,12,2
"new",828,1,1
"new",829,1,1
"new",860,3,2
"new",862,1,1
"new",864,1,1
"new",871,6,4
"new",883,5,3
"new",884,8,5
"new",918,2,2
"new",920,2,2
"new",926,5,2
"new",930,1,1
"new",976,1,1
"new",978,1,1
"new",984,2,2
"new",1024,1,1
"new",1035,1,1
"new",1038,3,3
"new",1039,1,1
"new",1042,1,1
"new",1204,3,2
"new",1205,4,2
"new",1208,8,5
"new",1209,15,8
"new",1214,2,1
"new",1260,8,4
"new",1261,3,2
"new",1262,1,1
"new",1264,1,1
"new",1265,2,2
"new",1316,1,1
"new",1317,1,1
"new",1318,1,1
"new",1320,2,2
"new",1321,4,3
"new",1331,1,1
"new",1374,2,2
"new",1375,10,8
"new",1376,10,7
"new",1377,3,3
"new",1378,20,13
"new",1382,2,1
"new",1389,1,1
"new",1391,1,1
"new",1392,1,1
"new",1429,2,2
"new",1431,5,5
"new",1432,2,2
"new",1433,2,1
"new",1434,4,2
"new",1439,1,1
"new",1486,2,1
"new",1488,16,11
"new",1489,1,1
"new",1490,2,2
"new",1534,1,1
"new",1542,1,1
"new",1543,1,1
"new",1544,6,4
"new",1545,2,1
"new",1546,30,18
"new",1547,6,4
"new",1548,1,1
"new",1549,3,2
"new",1556,1,1
"new",1593,1,1
"new",1597,1,1
"new",1600,13,5
"new",1601,15,9
"new",1602,13,6
"new",1603,15,8
"new",1605,1,1
"new",1612,2,1
"new",1655,1,1
"new",1656,2,1
"new",1657,15,7
"new",1658,4,2
"new",1659,8,6
"new",1660,5,3
"new",1662,1,1
"new",1666,2,1
"new",1676,2,2
"new",1711,3,2
"new",1712,7,5
"new",1713,17,11
"new",1720,3,3
"new",1721,3,1
"new",1767,1,1
"new",1768,7,6
"new",1769,32,21
"new",1770,4,3
"new",1771,2,2
"new",1775,5,1
"new",1776,2,1
"new",1783,6,3
"new",1784,6,5
"new",1785,3,1
"new",1825,6,5
"new",1826,29,22
"new",1827,28,18
"new",1828,5,3
"new",1830,5,3
"new",1831,1,1
"new",1832,7,3
"new",1836,1,1
"new",1840,1,1
"new",1841,1,1
"new",1881,11,8
"new",1882,23,15
"new",1883,29,17
"new",1884,43,23
"new",1885,1,1
"new",1886,5,3
"new",1935,1,1
"new",1936,16,13
"new",1937,47,26
"new",1938,32,15
"new",1939,6,5
"new",1943,2,2
"new",1945,2,1
"new",1953,5,2
"new",1954,3,2
"new",1955,1,1
"new",1991,24,8
"new",1992,13,9
"new",1993,36,22
"new",1994,3,2
"new",1995,3,1
"new",1996,1,1
"new",1997,3,2
"new",2003,3,2
"new",2047,3,3
"new",2048,95,32
"new",2049,58,25
"new",2050,3,3
"new",2051,11,10
"new",2052,4,4
"new",2055,2,1
"new",2102,3,3
"new",2103,51,17
"new",2104,68,32
"new",2105,69,37
"new",2106,28,19
"new",2107,12,9
"new",2108,2,1
"new",2109,1,1
"new",2115,1,1
"new",2158,37,18
"new",2159,52,23
"new",2160,38,26
"new",2161,18,12
"new",2162,7,4
"new",2163,1,1
"new",2164,1,1
"new",2165,1,1
"new",2207,1,1
"new",2215,4,4
"new",2216,20,10
"new",2217,8,4
"new",2221,2,2
"new",2265,1,1
"new",2272,44,23
"new",2273,1,1
"new",2274,5,4
"new",2275,3,2
"new",2276,4,2
"new",2278,2,2
"new",2279,2,1
"new",2280,1,1
"new",2293,1,1
"new",2321,2,2
"new",2328,1,1
"new",2329,1,1
"new",2330,6,3
"new",2331,1,1
"new",2332,1,1
"new",2333,1,1
"new",2334,1,1
"new",2381,3,1
"new",2382,2,2
"new",2384,1,1
"new",2387,4,3
"new",2389,3,2
"new",2407,2,1
"new",2436,2,2
"new",2437,4,4
"new",2441,1,1
"new",2444,1,1
"new",2445,1,1
"new",2446,2,1
"new",2461,1,1
"new",2463,8,3
"new",2492,6,3
"new",2497,2,1
"new",2501,5,4
"new",2502,3,2
"new",2549,14,11
"new",2551,1,1
"new",2604,14,7
"new",2605,2,1
"new",2606,1,1
"new",2608,1,1
"new",2609,3,3
"new",2660,1,1
"new",2666,1,1
"new",2716,1,1
"new",2763,1,1
"new",2772,1,1
"new",2775,2,1
"new",2820,9,9
"new",2827,14,11
"new",2868,1,1
"new",2883,6,3
"new",2912,1,1
"new",2939,3,2
"new",2994,48,21
"new",3029,1,1
"new",3047,1,1
"new",3050,18,13
"new",3101,1,1
"new",3103,1,1
"new",3106,2,2
"new",3108,1,1
"new",3145,1,1
"new",3192,1,1
"new",3217,2,1
"new",3218,3,2
"new",3219,2,1
"new",3249,1,1
"new",3256,2,2
"new",3263,1,1
"new",3269,1,1
"new",3273,1,1
"new",3277,2,1
"new",3307,2,1
"new",3309,2,1
"new",3318,2,2
"new",3319,2,2
"new",3321,1,1
"new",3329,2,1
"new",3361,14,5
"new",3362,11,5
"new",3363,3,2
"new",3364,1,1
"new",3365,1,1
"new",3373,6,3
"new",3385,1,1
"new",3389,1,1
"new",3418,7,4
"new",3419,1,1
"new",3428,1,1
"new",3432,2,1
"new",3435,2,1
"new",3441,3,3
"new",3442,1,1
"new",3443,3,2
"new",3444,6,2
"new",3445,4,2
"new",3475,1,1
"new",3488,2,2
"new",3494,1,1
"new",3498,1,1
"new",3499,13,5
"new",3500,3,2
"new",3501,1,1
"new",3532,2,2
"new",3535,1,1
"new",3548,1,1
"new",3554,17,12
"new",3555,4,4
"new",3556,4,3
"new",3592,1,1
"new",3597,4,3
"new",3604,5,4
"new",3610,32,21
"new",3611,4,4
"new",3612,2,1
"new",3613,2,1
"new",3649,6,5
"new",3650,1,1
"new",3652,5,2
"new",3655,1,1
"new",3660,9,4
"new",3666,11,7
"new",3667,2,1
"new",3670,2,1
"new",3705,17,12
"new",3708,3,3
"new",3715,7,7
"new",3719,2,1
"new",3725,1,1
"new",3758,3,2
"new",3760,2,1
"new",3761,21,7
"new",3763,1,1
"new",3769,1,1
"new",3778,3,2
"new",3780,3,2
"new",3815,11,6
"new",3816,2,2
"new",3817,2,1
"new",3832,3,2
"new",3870,8,7
"new",3871,2,2
"new",3872,3,2
"new",3874,7,4
"new",3881,6,4
"new",3883,2,2
"new",3884,4,2
"new",3885,5,4
"new",3892,5,1
"new",3893,6,4
"new",3925,9,6
"new",3926,19,15
"new",3927,57,30
"new",3929,12,6
"new",3930,48,14
"new",3931,14,8
"new",3936,3,2
"new",3939,4,2
"new",3940,1,1
"new",3941,7,4
"new",3946,2,2
"new",3948,131,15
"new",3949,5,3
"new",3950,1,1
"new",3980,1,1
"new",3981,9,4
"new",3982,12,10
"new",3983,25,11
"new",3984,21,10
"new",3985,15,7
"new",3986,6,5
"new",3987,23,10
"new",3988,3,2
"new",3993,87,33
"new",3994,32,15
"new",3995,4,2
"new",3996,24,11
"new",4001,7,3
"new",4003,1,1
"new",4004,117,31
"new",4005,182,24
"new",4006,2,2
"new",4035,1,1
"new",4036,5,4
"new",4037,8,5
"new",4038,7,7
"new",4039,2,2
"new",4040,14,6
"new",4047,1,1
"new",4048,1,1
"new",4049,7,2
"new",4050,142,33
"new",4051,49,24
"new",4052,17,10
"new",4060,2,2
"new",4061,1,1
"new",4062,3,2
"new",4101,4,2
"new",4102,4,2
"new",4103,2,2
"new",4105,6,4
"new",4106,41,15
"new",4107,305,71
"new",4108,15,8
"new",4109,1,1
"new",4110,9,6
"new",4111,35,20
"new",4112,31,17
"new",4113,8,4
"new",4114,2,2
"new",4116,1,1
"new",4117,43,15
"new",4118,16,8
"new",4154,6,6
"new",4156,15,11
"new",4157,13,8
"new",4158,1,1
"new",4160,3,2
"new",4161,9,6
"new",4162,2,2
"new",4163,30,13
"new",4166,91,35
"new",4167,52,30
"new",4168,24,22
"new",4169,5,3
"new",4170,5,3
"new",4173,1,1
"new",4210,4,3
"new",4213,23,14
"new",4214,3,2
"new",4215,8,5
"new",4216,3,2
"new",4223,38,24
"new",4224,50,23
"new",4225,23,16
"new",4226,27,15
"new",4227,1,1
"new",4266,1,1
"new",4268,5,2
"new",4269,15,7
"new",4270,8,4
"new",4271,11,9
"new",4274,5,5
"new",4275,21,12
"new",4279,1,1
"new",4280,16,14
"new",4281,5,4
"new",4282,9,7
"new",4324,53,27
"new",4325,12,9
"new",4326,14,7
"new",4327,1,1
"new",4328,1,1
"new",4329,46,17
"new",4330,12,8
"new",4333,5,2
"new",4336,70,25
"new",4337,64,32
"new",4338,97,49
"new",4339,2,2
"new",4381,23,16
"new",4382,39,11
"new",4385,1,1
"new",4392,194,46
"new",4393,39,19
"new",4441,1,1
"confirmed",27,1,1
"confirmed",29,11,9
"confirmed",30,21,13
"confirmed",82,1,1
"confirmed",84,2,2
"confirmed",85,6,3
"confirmed",86,19,11
"confirmed",87,5,4
"confirmed",88,1,1
"confirmed",138,6,6
"confirmed",140,2,2
"confirmed",141,1,1
"confirmed",142,3,3
"confirmed",196,2,1
"confirmed",197,1,1
"confirmed",198,9,6
"confirmed",251,12,9
"confirmed",253,2,1
"confirmed",257,37,25
"confirmed",258,1,1
"confirmed",307,35,22
"confirmed",311,1,1
"confirmed",312,6,5
"confirmed",313,35,20
"confirmed",318,1,1
"confirmed",363,3,2
"confirmed",364,2,1
"confirmed",366,2,2
"confirmed",368,7,6
"confirmed",369,12,9
"confirmed",375,1,1
"confirmed",423,7,4
"confirmed",424,14,11
"confirmed",425,26,15
"confirmed",429,1,1
"confirmed",430,1,1
"confirmed",432,45,23
"confirmed",433,9,6
"confirmed",434,1,1
"confirmed",475,2,2
"confirmed",478,1,1
"confirmed",479,4,4
"confirmed",480,77,46
"confirmed",481,2,1
"confirmed",482,21,13
"confirmed",483,7,5
"confirmed",487,3,2
"confirmed",488,236,44
"confirmed",489,233,60
"confirmed",490,59,30
"confirmed",530,1,1
"confirmed",536,6,5
"confirmed",537,1,1
"confirmed",539,169,46
"confirmed",540,185,55
"confirmed",541,90,36
"confirmed",542,255,91
"confirmed",543,76,33
"confirmed",544,57,30
"confirmed",545,6,6
"confirmed",546,245,60
"confirmed",547,1,1
"confirmed",549,1,1
"confirmed",590,2,2
"confirmed",591,10,6
"confirmed",596,72,25
"confirmed",597,123,40
"confirmed",598,110,31
"confirmed",599,343,67
"confirmed",602,1,1
"confirmed",604,2,2
"confirmed",605,1,1
"confirmed",639,1,1
"confirmed",647,6,3
"confirmed",648,5,3
"confirmed",649,2,1
"confirmed",650,1,1
"confirmed",651,1,1
"confirmed",653,1,1
"confirmed",654,6,6
"confirmed",655,22,10
"confirmed",656,5,4
"confirmed",657,91,60
"confirmed",658,1,1
"confirmed",659,2,1
"confirmed",660,10,10
"confirmed",661,5,5
"confirmed",662,1,1
"confirmed",703,49,17
"confirmed",704,2,1
"confirmed",705,1,1
"confirmed",711,2,1
"confirmed",712,108,25
"confirmed",713,2,2
"confirmed",715,1,1
"confirmed",716,145,60
"confirmed",717,42,28
"confirmed",752,1,1
"confirmed",753,5,4
"confirmed",759,33,16
"confirmed",760,12,8
"confirmed",763,6,4
"confirmed",764,13,8
"confirmed",768,1,1
"confirmed",769,1,1
"confirmed",772,1,1
"confirmed",773,21,19
"confirmed",774,74,54
"confirmed",775,1,1
"confirmed",800,1,1
"confirmed",804,46,18
"confirmed",807,1,1
"confirmed",809,1,1
"confirmed",813,3,2
"confirmed",814,1,1
"confirmed",815,96,33
"confirmed",816,120,48
"confirmed",825,2,2
"confirmed",826,3,3
"confirmed",827,94,39
"confirmed",828,4,4
"confirmed",829,1,1
"confirmed",856,3,3
"confirmed",857,1,1
"confirmed",859,1,1
"confirmed",860,72,37
"confirmed",861,2,2
"confirmed",862,16,14
"confirmed",863,2,2
"confirmed",864,4,4
"confirmed",865,1,1
"confirmed",870,12,7
"confirmed",871,43,19
"confirmed",872,29,17
"confirmed",873,1,1
"confirmed",882,1,1
"confirmed",883,61,40
"confirmed",884,65,39
"confirmed",885,3,3
"confirmed",914,2,2
"confirmed",915,3,2
"confirmed",917,1,1
"confirmed",918,1,1
"confirmed",919,1,1
"confirmed",920,1,1
"confirmed",921,6,5
"confirmed",922,4,4
"confirmed",926,35,17
"confirmed",928,6,5
"confirmed",930,2,1
"confirmed",935,1,1
"confirmed",936,1,1
"confirmed",941,76,58
"confirmed",966,1,1
"confirmed",967,2,1
"confirmed",968,1,1
"confirmed",973,2,1
"confirmed",975,1,1
"confirmed",976,30,17
"confirmed",977,9,4
"confirmed",978,1,1
"confirmed",979,4,4
"confirmed",982,31,16
"confirmed",983,5,4
"confirmed",984,8,6
"confirmed",985,4,3
"confirmed",988,1,1
"confirmed",990,2,1
"confirmed",991,2,1
"confirmed",992,2,1
"confirmed",993,1,1
"confirmed",995,3,2
"confirmed",1024,4,3
"confirmed",1025,1,1
"confirmed",1033,1,1
"confirmed",1035,7,6
"confirmed",1038,9,9
"confirmed",1039,1,1
"confirmed",1040,4,2
"confirmed",1041,1,1
"confirmed",1089,1,1
"confirmed",1090,4,2
"confirmed",1092,1,1
"confirmed",1097,1,1
"confirmed",1098,6,6
"confirmed",1104,2,1
"confirmed",1105,3,2
"confirmed",1107,35,30
"confirmed",1139,3,3
"confirmed",1146,3,2
"confirmed",1150,1,1
"confirmed",1151,18,10
"confirmed",1152,3,2
"confirmed",1153,2,2
"confirmed",1154,3,2
"confirmed",1156,1,1
"confirmed",1159,2,2
"confirmed",1160,3,2
"confirmed",1161,7,6
"confirmed",1163,16,9
"confirmed",1202,3,2
"confirmed",1203,1,1
"confirmed",1204,70,16
"confirmed",1205,14,9
"confirmed",1206,3,2
"confirmed",1208,15,12
"confirmed",1209,70,35
"confirmed",1211,1,1
"confirmed",1213,1,1
"confirmed",1214,15,9
"confirmed",1219,6,4
"confirmed",1259,7,6
"confirmed",1260,206,37
"confirmed",1261,7,5
"confirmed",1262,185,52
"confirmed",1263,19,7
"confirmed",1264,23,14
"confirmed",1265,46,30
"confirmed",1267,14,9
"confirmed",1268,3,2
"confirmed",1270,7,5
"confirmed",1273,2,1
"confirmed",1275,2,2
"confirmed",1278,1,1
"confirmed",1279,1,1
"confirmed",1316,7,4
"confirmed",1317,9,6
"confirmed",1318,9,6
"confirmed",1319,2,2
"confirmed",1320,33,18
"confirmed",1321,145,63
"confirmed",1322,105,45
"confirmed",1323,6,4
"confirmed",1324,3,3
"confirmed",1325,1,1
"confirmed",1330,4,2
"confirmed",1331,29,17
"confirmed",1333,5,3
"confirmed",1366,1,1
"confirmed",1372,2,1
"confirmed",1373,2,2
"confirmed",1374,45,26
"confirmed",1375,158,66
"confirmed",1376,67,44
"confirmed",1377,125,50
"confirmed",1378,256,81
"confirmed",1379,10,7
"confirmed",1380,5,5
"confirmed",1381,2,1
"confirmed",1385,2,1
"confirmed",1386,10,7
"confirmed",1387,5,5
"confirmed",1389,31,16
"confirmed",1390,2,2
"confirmed",1391,14,8
"confirmed",1392,9,8
"confirmed",1395,2,2
"confirmed",1428,2,2
"confirmed",1429,1,1
"confirmed",1430,8,6
"confirmed",1431,115,55
"confirmed",1432,21,16
"confirmed",1433,76,33
"confirmed",1434,109,50
"confirmed",1435,33,20
"confirmed",1436,5,4
"confirmed",1437,8,5
"confirmed",1443,4,3
"confirmed",1444,46,20
"confirmed",1445,1,1
"confirmed",1446,2,1
"confirmed",1448,1,1
"confirmed",1484,3,2
"confirmed",1486,4,3
"confirmed",1488,84,44
"confirmed",1489,52,26
"confirmed",1490,76,43
"confirmed",1491,39,16
"confirmed",1492,13,11
"confirmed",1496,1,1
"confirmed",1499,11,7
"confirmed",1500,5,4
"confirmed",1501,5,4
"confirmed",1502,1,1
"confirmed",1534,6,4
"confirmed",1539,3,1
"confirmed",1542,1,1
"confirmed",1543,3,2
"confirmed",1544,33,23
"confirmed",1545,16,13
"confirmed",1546,334,94
"confirmed",1547,323,73
"confirmed",1548,58,25
"confirmed",1549,3,2
"confirmed",1551,2,2
"confirmed",1556,50,18
"confirmed",1591,2,2
"confirmed",1592,11,9
"confirmed",1593,7,5
"confirmed",1598,2,1
"confirmed",1599,40,23
"confirmed",1600,28,17
"confirmed",1601,151,52
"confirmed",1602,412,66
"confirmed",1603,394,89
"confirmed",1604,44,15
"confirmed",1605,2,1
"confirmed",1609,2,1
"confirmed",1612,34,19
"confirmed",1613,5,2
"confirmed",1647,1,1
"confirmed",1648,3,2
"confirmed",1649,4,4
"confirmed",1654,1,1
"confirmed",1655,2,1
"confirmed",1656,61,23
"confirmed",1657,176,50
"confirmed",1658,106,27
"confirmed",1659,272,66
"confirmed",1660,55,29
"confirmed",1661,1,1
"confirmed",1664,4,2
"confirmed",1666,2,2
"confirmed",1667,16,9
"confirmed",1668,9,5
"confirmed",1675,17,15
"confirmed",1676,15,12
"confirmed",1709,1,1
"confirmed",1711,5,4
"confirmed",1712,59,35
"confirmed",1713,59,32
"confirmed",1714,41,27
"confirmed",1715,16,10
"confirmed",1716,9,6
"confirmed",1717,1,1
"confirmed",1718,4,3
"confirmed",1719,2,1
"confirmed",1720,228,71
"confirmed",1721,86,34
"confirmed",1722,23,8
"confirmed",1723,1,1
"confirmed",1728,8,8
"confirmed",1729,7,5
"confirmed",1730,1,1
"confirmed",1731,1,1
"confirmed",1755,1,1
"confirmed",1766,1,1
"confirmed",1767,8,5
"confirmed",1768,52,25
"confirmed",1769,181,53
"confirmed",1770,40,28
"confirmed",1771,20,9
"confirmed",1772,8,5
"confirmed",1773,3,2
"confirmed",1774,1,1
"confirmed",1775,125,49
"confirmed",1776,55,35
"confirmed",1778,2,2
"confirmed",1783,124,41
"confirmed",1784,39,26
"confirmed",1785,14,9
"confirmed",1823,1,1
"confirmed",1825,52,36
"confirmed",1826,209,105
"confirmed",1827,116,54
"confirmed",1828,31,20
"confirmed",1829,19,9
"confirmed",1830,21,16
"confirmed",1831,50,29
"confirmed",1832,111,44
"confirmed",1833,1,1
"confirmed",1836,1,1
"confirmed",1840,9,6
"confirmed",1841,15,12
"confirmed",1873,2,1
"confirmed",1879,3,2
"confirmed",1880,3,3
"confirmed",1881,80,44
"confirmed",1882,124,61
"confirmed",1883,125,48
"confirmed",1884,327,87
"confirmed",1885,24,18
"confirmed",1886,30,20
"confirmed",1887,12,7
"confirmed",1888,4,2
"confirmed",1890,2,2
"confirmed",1891,4,3
"confirmed",1896,7,7
"confirmed",1897,8,5
"confirmed",1898,2,2
"confirmed",1899,3,3
"confirmed",1932,1,1
"confirmed",1934,1,1
"confirmed",1935,16,10
"confirmed",1936,120,54
"confirmed",1937,228,64
"confirmed",1938,212,69
"confirmed",1939,43,20
"confirmed",1940,77,36
"confirmed",1941,29,21
"confirmed",1942,2,2
"confirmed",1943,3,2
"confirmed",1944,2,1
"confirmed",1945,3,2
"confirmed",1949,2,2
"confirmed",1950,4,3
"confirmed",1951,5,5
"confirmed",1952,1,1
"confirmed",1953,42,31
"confirmed",1954,32,20
"confirmed",1955,73,29
"confirmed",1988,3,3
"confirmed",1989,1,1
"confirmed",1990,1,1
"confirmed",1991,100,39
"confirmed",1992,78,37
"confirmed",1993,142,69
"confirmed",1994,69,37
"confirmed",1995,47,23
"confirmed",1996,66,31
"confirmed",1997,65,37
"confirmed",1998,13,13
"confirmed",1999,2,2
"confirmed",2000,11,5
"confirmed",2001,3,2
"confirmed",2002,2,1
"confirmed",2003,22,16
"confirmed",2004,15,9
"confirmed",2005,2,2
"confirmed",2006,11,8
"confirmed",2012,1,1
"confirmed",2040,1,1
"confirmed",2044,5,4
"confirmed",2045,1,1
"confirmed",2046,10,6
"confirmed",2047,291,85
"confirmed",2048,762,118
"confirmed",2049,607,112
"confirmed",2050,99,55
"confirmed",2051,191,84
"confirmed",2052,61,33
"confirmed",2053,9,8
"confirmed",2054,3,2
"confirmed",2056,24,15
"confirmed",2057,1,1
"confirmed",2059,2,2
"confirmed",2062,2,1
"confirmed",2093,1,1
"confirmed",2102,194,69
"confirmed",2103,751,142
"confirmed",2104,435,134
"confirmed",2105,610,153
"confirmed",2106,166,84
"confirmed",2107,134,48
"confirmed",2108,28,21
"confirmed",2109,5,4
"confirmed",2110,2,1
"confirmed",2111,4,2
"confirmed",2112,2,2
"confirmed",2114,4,2
"confirmed",2115,3,2
"confirmed",2125,2,1
"confirmed",2157,2,2
"confirmed",2158,479,97
"confirmed",2159,487,96
"confirmed",2160,266,90
"confirmed",2161,177,68
"confirmed",2162,113,57
"confirmed",2163,32,20
"confirmed",2164,2,2
"confirmed",2165,9,7
"confirmed",2169,1,1
"confirmed",2178,1,1
"confirmed",2207,1,1
"confirmed",2213,1,1
"confirmed",2214,1,1
"confirmed",2215,64,34
"confirmed",2216,240,82
"confirmed",2217,228,53
"confirmed",2218,39,24
"confirmed",2219,10,6
"confirmed",2220,2,2
"confirmed",2221,7,5
"confirmed",2223,2,1
"confirmed",2224,2,1
"confirmed",2225,1,1
"confirmed",2227,1,1
"confirmed",2229,5,5
"confirmed",2265,2,1
"confirmed",2267,1,1
"confirmed",2271,12,8
"confirmed",2272,1143,99
"confirmed",2273,125,33
"confirmed",2274,439,62
"confirmed",2275,137,44
"confirmed",2276,19,12
"confirmed",2277,1,1
"confirmed",2278,39,9
"confirmed",2293,4,4
"confirmed",2321,1,1
"confirmed",2326,2,1
"confirmed",2327,16,10
"confirmed",2328,121,51
"confirmed",2329,37,24
"confirmed",2330,237,53
"confirmed",2331,6,6
"confirmed",2332,3,3
"confirmed",2333,1,1
"confirmed",2334,6,5
"confirmed",2335,2,2
"confirmed",2336,2,1
"confirmed",2338,4,2
"confirmed",2381,6,4
"confirmed",2382,28,18
"confirmed",2383,5,4
"confirmed",2384,1,1
"confirmed",2385,1,1
"confirmed",2386,3,2
"confirmed",2387,27,17
"confirmed",2388,3,3
"confirmed",2389,30,22
"confirmed",2390,1,1
"confirmed",2392,12,8
"confirmed",2393,1,1
"confirmed",2405,1,1
"confirmed",2406,1,1
"confirmed",2407,19,13
"confirmed",2435,1,1
"confirmed",2436,309,52
"confirmed",2437,199,52
"confirmed",2438,26,10
"confirmed",2439,36,16
"confirmed",2440,1,1
"confirmed",2441,1,1
"confirmed",2443,4,2
"confirmed",2444,5,5
"confirmed",2445,96,44
"confirmed",2446,7,5
"confirmed",2448,2,2
"confirmed",2450,1,1
"confirmed",2452,1,1
"confirmed",2462,3,3
"confirmed",2463,9,9
"confirmed",2486,1,1
"confirmed",2492,47,24
"confirmed",2493,3,3
"confirmed",2494,1,1
"confirmed",2495,1,1
"confirmed",2497,7,6
"confirmed",2498,2,2
"confirmed",2499,4,2
"confirmed",2500,3,3
"confirmed",2501,20,13
"confirmed",2502,6,5
"confirmed",2505,1,1
"confirmed",2506,1,1
"confirmed",2524,2,2
"confirmed",2525,4,4
"confirmed",2548,12,7
"confirmed",2549,21,17
"confirmed",2550,5,2
"confirmed",2551,1,1
"confirmed",2552,1,1
"confirmed",2553,1,1
"confirmed",2555,3,2
"confirmed",2556,3,3
"confirmed",2557,1,1
"confirmed",2560,3,3
"confirmed",2563,1,1
"confirmed",2573,1,1
"confirmed",2581,6,6
"confirmed",2587,3,3
"confirmed",2596,1,1
"confirmed",2604,34,23
"confirmed",2605,9,6
"confirmed",2606,1,1
"confirmed",2607,1,1
"confirmed",2609,4,4
"confirmed",2612,1,1
"confirmed",2614,1,1
"confirmed",2615,1,1
"confirmed",2619,3,3
"confirmed",2660,12,8
"confirmed",2661,1,1
"confirmed",2664,1,1
"confirmed",2665,1,1
"confirmed",2669,1,1
"confirmed",2672,1,1
"confirmed",2673,1,1
"confirmed",2694,27,22
"confirmed",2706,1,1
"confirmed",2713,2,2
"confirmed",2715,6,5
"confirmed",2716,9,9
"confirmed",2719,1,1
"confirmed",2721,1,1
"confirmed",2724,2,1
"confirmed",2725,2,1
"confirmed",2731,1,1
"confirmed",2752,1,1
"confirmed",2771,19,12
"confirmed",2772,18,17
"confirmed",2778,3,2
"confirmed",2779,1,1
"confirmed",2780,2,1
"confirmed",2781,4,2
"confirmed",2801,1,1
"confirmed",2820,52,36
"confirmed",2821,8,8
"confirmed",2826,1,1
"confirmed",2827,69,38
"confirmed",2828,18,11
"confirmed",2829,6,3
"confirmed",2831,4,2
"confirmed",2857,6,6
"confirmed",2876,1,1
"confirmed",2878,2,1
"confirmed",2882,3,2
"confirmed",2883,53,28
"confirmed",2888,8,4
"confirmed",2912,3,3
"confirmed",2919,2,2
"confirmed",2920,1,1
"confirmed",2928,2,1
"confirmed",2939,7,5
"confirmed",2944,1,1
"confirmed",2982,1,1
"confirmed",2992,2,2
"confirmed",2994,332,69
"confirmed",2995,7,4
"confirmed",2999,2,1
"confirmed",3002,1,1
"confirmed",3031,2,2
"confirmed",3037,1,1
"confirmed",3045,1,1
"confirmed",3046,1,1
"confirmed",3049,2,1
"confirmed",3050,326,80
"confirmed",3051,1,1
"confirmed",3053,1,1
"confirmed",3055,1,1
"confirmed",3080,1,1
"confirmed",3101,17,15
"confirmed",3105,5,5
"confirmed",3106,50,20
"confirmed",3108,4,3
"confirmed",3111,3,2
"confirmed",3138,1,1
"confirmed",3140,1,1
"confirmed",3144,1,1
"confirmed",3151,3,2
"confirmed",3153,2,2
"confirmed",3154,2,1
"confirmed",3157,21,16
"confirmed",3158,5,3
"confirmed",3161,17,12
"confirmed",3162,29,11
"confirmed",3163,1,1
"confirmed",3164,3,2
"confirmed",3165,1,1
"confirmed",3192,13,13
"confirmed",3193,19,11
"confirmed",3198,1,1
"confirmed",3200,2,2
"confirmed",3209,1,1
"confirmed",3210,2,2
"confirmed",3211,1,1
"confirmed",3213,14,11
"confirmed",3214,2,1
"confirmed",3217,16,8
"confirmed",3218,38,15
"confirmed",3219,53,27
"confirmed",3220,27,12
"confirmed",3221,2,1
"confirmed",3248,23,13
"confirmed",3255,2,2
"confirmed",3256,69,33
"confirmed",3257,1,1
"confirmed",3258,1,1
"confirmed",3262,4,3
"confirmed",3263,6,6
"confirmed",3268,1,1
"confirmed",3269,16,10
"confirmed",3270,2,1
"confirmed",3273,10,9
"confirmed",3274,4,2
"confirmed",3276,48,21
"confirmed",3277,16,9
"confirmed",3304,8,6
"confirmed",3307,1,1
"confirmed",3309,13,6
"confirmed",3311,7,6
"confirmed",3312,2,2
"confirmed",3317,1,1
"confirmed",3318,6,6
"confirmed",3319,11,9
"confirmed",3321,13,7
"confirmed",3322,1,1
"confirmed",3323,1,1
"confirmed",3324,1,1
"confirmed",3326,6,4
"confirmed",3329,58,28
"confirmed",3330,1,1
"confirmed",3331,1,1
"confirmed",3333,15,8
"confirmed",3361,42,21
"confirmed",3362,9,6
"confirmed",3363,7,7
"confirmed",3364,12,6
"confirmed",3365,1,1
"confirmed",3367,2,2
"confirmed",3373,3,3
"confirmed",3374,11,8
"confirmed",3375,1,1
"confirmed",3379,6,3
"confirmed",3382,2,2
"confirmed",3384,1,1
"confirmed",3385,20,12
"confirmed",3386,10,5
"confirmed",3387,2,2
"confirmed",3388,9,6
"confirmed",3389,12,7
"confirmed",3417,3,2
"confirmed",3418,57,38
"confirmed",3419,19,12
"confirmed",3421,2,1
"confirmed",3423,1,1
"confirmed",3424,4,2
"confirmed",3425,5,4
"confirmed",3427,1,1
"confirmed",3428,7,6
"confirmed",3429,8,7
"confirmed",3430,7,6
"confirmed",3432,8,6
"confirmed",3434,2,1
"confirmed",3435,14,6
"confirmed",3436,1,1
"confirmed",3437,1,1
"confirmed",3438,1,1
"confirmed",3440,1,1
"confirmed",3441,38,21
"confirmed",3442,47,14
"confirmed",3443,34,17
"confirmed",3444,37,17
"confirmed",3445,95,32
"confirmed",3446,2,2
"confirmed",3475,7,7
"confirmed",3479,2,1
"confirmed",3480,1,1
"confirmed",3484,10,8
"confirmed",3485,17,9
"confirmed",3486,1,1
"confirmed",3487,4,3
"confirmed",3488,17,11
"confirmed",3490,14,7
"confirmed",3491,12,7
"confirmed",3492,11,9
"confirmed",3494,2,1
"confirmed",3497,1,1
"confirmed",3498,79,37
"confirmed",3499,47,21
"confirmed",3500,9,5
"confirmed",3501,14,8
"confirmed",3502,10,4
"confirmed",3531,5,4
"confirmed",3532,14,12
"confirmed",3533,9,3
"confirmed",3535,2,1
"confirmed",3540,16,14
"confirmed",3541,15,13
"confirmed",3542,10,7
"confirmed",3543,19,12
"confirmed",3544,3,2
"confirmed",3546,1,1
"confirmed",3547,28,13
"confirmed",3548,5,1
"confirmed",3550,2,1
"confirmed",3552,2,1
"confirmed",3553,3,2
"confirmed",3554,63,37
"confirmed",3555,127,51
"confirmed",3556,29,19
"confirmed",3557,5,4
"confirmed",3558,3,2
"confirmed",3587,5,3
"confirmed",3588,27,20
"confirmed",3589,33,19
"confirmed",3591,2,1
"confirmed",3596,15,11
"confirmed",3597,85,38
"confirmed",3598,2,1
"confirmed",3599,2,2
"confirmed",3600,3,3
"confirmed",3602,88,6
"confirmed",3603,13,11
"confirmed",3604,84,23
"confirmed",3605,8,7
"confirmed",3606,4,3
"confirmed",3607,1,1
"confirmed",3609,2,2
"confirmed",3610,75,49
"confirmed",3611,11,10
"confirmed",3612,19,10
"confirmed",3613,43,23
"confirmed",3614,6,5
"confirmed",3644,17,9
"confirmed",3645,8,5
"confirmed",3648,8,5
"confirmed",3649,123,52
"confirmed",3650,1,1
"confirmed",3652,20,15
"confirmed",3653,17,12
"confirmed",3657,1,1
"confirmed",3658,59,10
"confirmed",3659,275,27
"confirmed",3660,40,25
"confirmed",3662,9,6
"confirmed",3663,1,1
"confirmed",3664,2,1
"confirmed",3666,58,29
"confirmed",3667,26,12
"confirmed",3668,3,3
"confirmed",3669,9,8
"confirmed",3670,7,4
"confirmed",3701,7,5
"confirmed",3702,1,1
"confirmed",3703,1,1
"confirmed",3704,13,7
"confirmed",3705,67,44
"confirmed",3707,9,8
"confirmed",3708,34,23
"confirmed",3713,43,22
"confirmed",3714,3,3
"confirmed",3715,123,42
"confirmed",3716,1,1
"confirmed",3718,4,3
"confirmed",3721,1,1
"confirmed",3722,25,14
"confirmed",3723,35,12
"confirmed",3724,57,20
"confirmed",3725,17,7
"confirmed",3727,1,1
"confirmed",3757,22,12
"confirmed",3758,32,16
"confirmed",3759,33,15
"confirmed",3760,5,4
"confirmed",3761,112,46
"confirmed",3762,2,1
"confirmed",3763,49,27
"confirmed",3764,2,1
"confirmed",3765,3,2
"confirmed",3767,1,1
"confirmed",3768,1,1
"confirmed",3769,28,15
"confirmed",3773,1,1
"confirmed",3774,1,1
"confirmed",3775,2,2
"confirmed",3778,15,6
"confirmed",3780,91,27
"confirmed",3814,9,8
"confirmed",3815,56,29
"confirmed",3816,127,40
"confirmed",3817,6,2
"confirmed",3818,3,2
"confirmed",3824,3,2
"confirmed",3825,1,1
"confirmed",3827,2,2
"confirmed",3828,3,3
"confirmed",3829,1,1
"confirmed",3831,8,6
"confirmed",3832,41,24
"confirmed",3834,3,2
"confirmed",3835,7,4
"confirmed",3836,33,18
"confirmed",3869,3,3
"confirmed",3870,31,25
"confirmed",3871,39,23
"confirmed",3872,40,23
"confirmed",3874,129,38
"confirmed",3879,1,1
"confirmed",3880,76,26
"confirmed",3881,6,4
"confirmed",3882,9,5
"confirmed",3883,8,4
"confirmed",3884,14,8
"confirmed",3885,31,20
"confirmed",3886,2,1
"confirmed",3889,4,3
"confirmed",3890,3,2
"confirmed",3891,4,2
"confirmed",3892,145,43
"confirmed",3893,176,44
"confirmed",3925,27,17
"confirmed",3926,79,49
"confirmed",3927,104,49
"confirmed",3928,2,1
"confirmed",3929,553,65
"confirmed",3930,1285,90
"confirmed",3931,243,63
"confirmed",3932,13,10
"confirmed",3935,3,1
"confirmed",3936,114,23
"confirmed",3937,59,25
"confirmed",3938,9,5
"confirmed",3939,14,4
"confirmed",3940,14,13
"confirmed",3941,15,14
"confirmed",3946,13,10
"confirmed",3947,6,4
"confirmed",3948,1724,130
"confirmed",3949,106,43
"confirmed",3950,15,15
"confirmed",3980,5,5
"confirmed",3981,23,17
"confirmed",3982,71,31
"confirmed",3983,88,49
"confirmed",3984,32,18
"confirmed",3985,507,77
"confirmed",3986,969,85
"confirmed",3987,291,66
"confirmed",3988,48,23
"confirmed",3989,1,1
"confirmed",3990,1,1
"confirmed",3992,2,2
"confirmed",3993,388,82
"confirmed",3994,328,54
"confirmed",3995,34,16
"confirmed",3996,146,58
"confirmed",3997,1,1
"confirmed",3998,1,1
"confirmed",3999,2,2
"confirmed",4001,29,13
"confirmed",4002,3,3
"confirmed",4003,46,21
"confirmed",4004,3706,143
"confirmed",4005,1222,132
"confirmed",4006,55,28
"confirmed",4035,2,2
"confirmed",4036,21,15
"confirmed",4037,25,14
"confirmed",4038,81,41
"confirmed",4039,54,16
"confirmed",4040,1026,96
"confirmed",4042,2,1
"confirmed",4043,6,3
"confirmed",4046,18,8
"confirmed",4047,11,7
"confirmed",4048,46,21
"confirmed",4049,98,43
"confirmed",4050,654,105
"confirmed",4051,287,93
"confirmed",4052,53,24
"confirmed",4053,9,6
"confirmed",4054,2,2
"confirmed",4055,4,4
"confirmed",4056,15,11
"confirmed",4057,35,26
"confirmed",4058,87,29
"confirmed",4059,73,32
"confirmed",4060,71,32
"confirmed",4061,33,20
"confirmed",4062,28,17
"confirmed",4099,10,7
"confirmed",4101,14,11
"confirmed",4102,55,25
"confirmed",4103,87,24
"confirmed",4104,22,12
"confirmed",4105,42,22
"confirmed",4106,152,48
"confirmed",4107,664,121
"confirmed",4108,313,82
"confirmed",4109,9,8
"confirmed",4110,88,36
"confirmed",4111,395,98
"confirmed",4112,164,65
"confirmed",4113,128,43
"confirmed",4114,172,54
"confirmed",4115,5,3
"confirmed",4116,1,1
"confirmed",4117,392,74
"confirmed",4118,343,76
"confirmed",4151,1,1
"confirmed",4153,2,2
"confirmed",4154,33,27
"confirmed",4155,1,1
"confirmed",4156,61,33
"confirmed",4157,85,41
"confirmed",4158,18,10
"confirmed",4159,14,10
"confirmed",4160,35,19
"confirmed",4161,63,30
"confirmed",4162,245,42
"confirmed",4163,70,30
"confirmed",4164,1,1
"confirmed",4165,1,1
"confirmed",4166,773,104
"confirmed",4167,189,86
"confirmed",4168,346,105
"confirmed",4169,154,42
"confirmed",4170,26,16
"confirmed",4171,3,2
"confirmed",4172,6,4
"confirmed",4173,86,37
"confirmed",4174,91,26
"confirmed",4210,42,28
"confirmed",4213,184,75
"confirmed",4214,56,32
"confirmed",4215,17,12
"confirmed",4216,8,5
"confirmed",4218,2,1
"confirmed",4219,29,19
"confirmed",4221,2,2
"confirmed",4222,2,1
"confirmed",4223,181,75
"confirmed",4224,475,105
"confirmed",4225,208,84
"confirmed",4226,219,59
"confirmed",4227,15,11
"confirmed",4228,1,1
"confirmed",4229,22,11
"confirmed",4266,1,1
"confirmed",4268,22,14
"confirmed",4269,62,38
"confirmed",4270,44,26
"confirmed",4271,86,48
"confirmed",4274,13,10
"confirmed",4275,345,69
"confirmed",4279,11,10
"confirmed",4280,59,38
"confirmed",4281,77,39
"confirmed",4282,167,43
"confirmed",4324,377,97
"confirmed",4325,112,57
"confirmed",4326,114,53
"confirmed",4327,12,7
"confirmed",4328,12,6
"confirmed",4329,75,33
"confirmed",4330,41,25
"confirmed",4333,26,17
"confirmed",4334,1,1
"confirmed",4335,3,2
"confirmed",4336,745,90
"confirmed",4337,351,92
"confirmed",4338,226,85
"confirmed",4339,10,9
"confirmed",4380,6,6
"confirmed",4381,327,90
"confirmed",4382,479,84
"confirmed",4384,5,3
"confirmed",4385,3,2
"confirmed",4386,2,2
"confirmed",4387,6,3
"confirmed",4390,2,2
"confirmed",4391,1,1
"confirmed",4392,3970,152
"confirmed",4393,916,96
"confirmed",4441,3,2
"historical",368,1,1
"historical",480,23,18
"historical",488,6,4
"historical",489,6,6
"historical",536,1,1
"historical",541,1,1
"historical",542,10,8
"historical",546,17,10
"historical",547,1,1
"historical",549,1,1
"historical",654,1,1
"historical",656,1,1
"historical",657,14,11
"historical",658,1,1
"historical",661,11,10
"historical",756,1,1
"historical",774,13,10
"historical",883,1,1
"historical",941,22,16
"historical",1107,9,7
"historical",1219,8,8
"historical",1259,1,1
"historical",1262,3,3
"historical",1264,2,2
"historical",1331,5,5
"historical",1375,1,1
"historical",1376,2,2
"historical",1378,1,1
"historical",1386,6,5
"historical",1488,1,1
"historical",1496,1,1
"historical",1499,1,1
"historical",1603,1,1
"historical",1613,1,1
"historical",1711,1,1
"historical",1712,3,2
"historical",1720,2,2
"historical",1721,2,2
"historical",1826,2,2
"historical",1991,1,1
"historical",2049,1,1
"historical",2103,1,1
"historical",2104,1,1
"historical",2215,1,1
"historical",2217,1,1
"historical",2436,1,1
"historical",2549,1,1
"historical",2555,1,1
"historical",2587,1,1
"historical",2605,1,1
"historical",2827,1,1
"historical",3026,1,1
"historical",3253,1,1
"historical",3310,1,1
"historical",3330,2,2
"historical",3421,1,1
"historical",3424,1,1
"historical",3432,1,1
"historical",3607,2,1
"historical",3879,1,1
"historical",3882,1,1
"historical",3883,1,1
"historical",3992,1,1
"historical",3998,2,1
"historical",4004,3,2
"historical",4005,5,4
"historical",4050,2,1
"historical",4051,2,2
"historical",4054,1,1
"historical",4057,2,2
"historical",4112,2,1
"historical",4157,1,1
"historical",4161,2,2
"historical",4166,2,1
"historical",4167,1,1
"historical",4168,2,2
"historical",4223,1,1
"historical",4224,5,5
"historical",4269,1,1
"historical",4281,3,3
"historical",4380,1,1
